feature,importance
monetary,0.37988129575815077
total_spending,0.3079552619658354
customer_tenure_days,0.13911733012173788
purchase_velocity,0.10244857239587728
avg_transaction_value,0.04174430125486379
recency,0.02230086691787382
transaction_count,0.0029198968461279172
frequency,0.002771559734445035
purchase_consistency,0.000860915005088099
